{"results": [[-0.0, {"__ndarray__": [0.0, 1.0], "dtype": "float64", "shape": [2]}], [2.0, {"__ndarray__": [2.0, 3.0, 3.0, 4.0, 10.0, 7.0, 9.0, 7.0, 8.0, 9.0, 10.0], "dtype": "float64", "shape": [11]}], [-373.0000000000003, {"__ndarray__": [2.0, 1.0, 8.0, 9.0, 10.0, 7.0, 6.0, 7.0, 9.0, 10.0, 12.0, 13.0, 15.0, 16.0, 14.0, 15.0, 16.0], "dtype": "float64", "shape": [17]}], [-0.0, {"__ndarray__": [0.0, 1.0], "dtype": "float64", "shape": [2]}], [-95.00000000000001, {"__ndarray__": [1.0, 2.0, 6.0, 7.0, 6.0, 9.0, 7.0, 7.0, 10.0, 9.0, 13.0, 13.0, 13.0, 13.0], "dtype": "float64", "shape": [14]}], [7.999999999999992, {"__ndarray__": [2.0, 3.0, 6.0, 3.0, 4.0, 9.0, 6.0, 13.0, 11.0, 10.0, 11.0, 12.0, 13.0, 13.0], "dtype": "float64", "shape": [14]}], [199.0, {"__ndarray__": [1.0, 3.0, 3.0, 3.0, 5.0, 11.0, 6.0, 7.0, 9.0, 9.0, 13.0, 11.0, 14.0, 14.0, 17.0, 16.0, 17.0, 17.0], "dtype": "float64", "shape": [18]}], [225.00000000000014, {"__ndarray__": [0.0, 5.0, 10.0, 5.0, 11.0, 7.0, 10.0, 13.0, 9.0, 12.0, 14.0, 11.0, 16.0, 16.0, 16.0, 15.0, 16.0], "dtype": "float64", "shape": [17]}], [-6.0, {"__ndarray__": [1.0, 1.0, 5.0, 7.0, 4.0, 5.0, 6.0, 7.0], "dtype": "float64", "shape": [8]}], [-756.0000000000002, {"__ndarray__": [0.0, 1.0, 5.0, 3.0, 4.0, 7.0, 14.0, 12.0, 9.0, 10.0, 10.0, 14.0, 12.0, 15.0, 15.0, 15.0], "dtype": "float64", "shape": [16]}], [379.0000000000001, {"__ndarray__": [1.0, 1.0, 3.0, 4.0, 7.0, 7.0, 6.0, 7.0, 14.0, 12.0, 10.0, 14.0, 13.0, 13.0, 15.0, 15.0], "dtype": "float64", "shape": [16]}], [-6.000000000000001, {"__ndarray__": [0.0, 1.0, 2.0, 4.0, 4.0, 10.0, 8.0, 7.0, 8.0, 9.0, 10.0, 11.0], "dtype": "float64", "shape": [12]}], [-5.0, {"__ndarray__": [2.0, 6.0, 2.0, 3.0, 9.0, 6.0, 6.0, 9.0, 10.0, 9.0, 10.0, 12.0, 12.0], "dtype": "float64", "shape": [13]}], [25.0, {"__ndarray__": [0.0, 1.0, 3.0, 11.0, 10.0, 9.0, 12.0, 9.0, 12.0, 12.0, 11.0, 11.0, 12.0], "dtype": "float64", "shape": [13]}], [-0.0, {"__ndarray__": [2.0, 1.0, 3.0, 3.0], "dtype": "float64", "shape": [4]}], [18.0, {"__ndarray__": [1.0, 1.0, 3.0, 4.0, 5.0, 5.0, 7.0, 7.0, 8.0, 10.0, 11.0, 11.0, 12.0], "dtype": "float64", "shape": [13]}], [-20.999999999999996, {"__ndarray__": [0.0, 1.0, 4.0, 5.0, 4.0, 5.0, 6.0, 8.0, 9.0, 9.0, 10.0], "dtype": "float64", "shape": [11]}], [-8.00000000000001, {"__ndarray__": [0.0, 3.0, 2.0, 4.0, 10.0, 5.0, 8.0, 7.0, 12.0, 12.0, 10.0, 12.0, 12.0], "dtype": "float64", "shape": [13]}], [-1.0, {"__ndarray__": [0.0, 1.0, 2.0, 3.0, 4.0, 5.0, 6.0], "dtype": "float64", "shape": [7]}], [148.0000000000001, {"__ndarray__": [1.0, 2.0, 3.0, 3.0, 8.0, 6.0, 8.0, 10.0, 11.0, 13.0, 16.0, 15.0, 13.0, 13.0, 14.0, 16.0, 16.0], "dtype": "float64", "shape": [17]}], [1.0, {"__ndarray__": [0.0, 1.0, 5.0, 3.0, 4.0, 5.0], "dtype": "float64", "shape": [6]}], [72.99999999999996, {"__ndarray__": [1.0, 4.0, 2.0, 3.0, 5.0, 9.0, 15.0, 9.0, 9.0, 10.0, 14.0, 15.0, 14.0, 14.0, 15.0, 15.0], "dtype": "float64", "shape": [16]}], [27.999999999999996, {"__ndarray__": [0.0, 1.0, 5.0, 4.0, 7.0, 5.0, 9.0, 7.0, 9.0, 10.0, 10.0], "dtype": "float64", "shape": [11]}], [-1.0, {"__ndarray__": [0.0, 1.0, 3.0, 3.0, 5.0, 5.0], "dtype": "float64", "shape": [6]}], [0.9999999999999996, {"__ndarray__": [1.0, 1.0, 3.0, 3.0, 9.0, 9.0, 6.0, 9.0, 8.0, 9.0], "dtype": "float64", "shape": [10]}], [-1.0, {"__ndarray__": [0.0], "dtype": "float64", "shape": [1]}], [148.99999999999994, {"__ndarray__": [0.0, 1.0, 8.0, 3.0, 11.0, 14.0, 6.0, 11.0, 12.0, 14.0, 14.0, 14.0, 13.0, 13.0, 14.0, 15.0], "dtype": "float64", "shape": [16]}], [-1.0, {"__ndarray__": [0.0, 1.0, 2.0, 5.0, 4.0, 5.0], "dtype": "float64", "shape": [6]}], [-5.0, {"__ndarray__": [0.0, 4.0, 2.0, 10.0, 10.0, 8.0, 9.0, 8.0, 12.0, 11.0, 12.0, 12.0, 12.0], "dtype": "float64", "shape": [13]}], [358.99999999999983, {"__ndarray__": [0.0, 1.0, 7.0, 5.0, 8.0, 8.0, 6.0, 13.0, 17.0, 9.0, 11.0, 11.0, 13.0, 17.0, 16.0, 17.0, 17.0, 17.0], "dtype": "float64", "shape": [18]}], [-2.0, {"__ndarray__": [3.0, 1.0, 2.0, 3.0, 8.0, 8.0, 9.0, 9.0, 8.0, 9.0], "dtype": "float64", "shape": [10]}], [0.0, {"__ndarray__": [1.0, 4.0, 2.0, 3.0, 4.0, 5.0, 6.0, 7.0, 8.0, 9.0, 10.0], "dtype": "float64", "shape": [11]}], [-2.999999999999998, {"__ndarray__": [0.0, 1.0, 4.0, 3.0, 10.0, 8.0, 9.0, 12.0, 9.0, 12.0, 11.0, 12.0, 12.0], "dtype": "float64", "shape": [13]}], [-2.0, {"__ndarray__": [1.0, 1.0, 2.0, 5.0, 4.0, 6.0, 6.0, 7.0], "dtype": "float64", "shape": [8]}], [6.869504964868159e-15, {"__ndarray__": [4.0, 4.0, 2.0, 8.0, 9.0, 7.0, 12.0, 13.0, 8.0, 10.0, 11.0, 11.0, 12.0, 13.0], "dtype": "float64", "shape": [14]}], [-1.0, {"__ndarray__": [0.0, 1.0, 2.0, 3.0, 4.0], "dtype": "float64", "shape": [5]}], [14.000000000000009, {"__ndarray__": [2.0, 1.0, 5.0, 4.0, 5.0, 6.0, 11.0, 13.0, 8.0, 13.0, 12.0, 11.0, 13.0, 13.0], "dtype": "float64", "shape": [14]}], [0.0, {"__ndarray__": [0.0, 2.0, 3.0, 4.0, 4.0, 5.0, 6.0], "dtype": "float64", "shape": [7]}], [-2.0, {"__ndarray__": [2.0, 2.0, 4.0, 3.0, 5.0, 6.0, 6.0], "dtype": "float64", "shape": [7]}], [-0.0, {"__ndarray__": [0.0, 1.0], "dtype": "float64", "shape": [2]}], [0.0, {"__ndarray__": [0.0], "dtype": "float64", "shape": [1]}], [13.0, {"__ndarray__": [0.0, 4.0, 5.0, 4.0, 5.0, 8.0, 8.0, 7.0, 12.0, 12.0, 10.0, 12.0, 12.0], "dtype": "float64", "shape": [13]}], [-7793.999999999999, {"__ndarray__": [0.0, 2.0, 2.0, 12.0, 7.0, 6.0, 8.0, 10.0, 11.0, 14.0, 18.0, 14.0, 12.0, 13.0, 15.0, 18.0, 17.0, 17.0, 18.0], "dtype": "float64", "shape": [19]}], [-1.0, {"__ndarray__": [0.0, 1.0, 2.0, 3.0, 4.0, 10.0, 9.0, 7.0, 8.0, 9.0, 10.0], "dtype": "float64", "shape": [11]}], [-1.0, {"__ndarray__": [0.0], "dtype": "float64", "shape": [1]}], [0.0, {"__ndarray__": [0.0, 2.0, 2.0], "dtype": "float64", "shape": [3]}], [-19.999999999999993, {"__ndarray__": [1.0, 1.0, 2.0, 4.0, 5.0, 5.0, 8.0, 9.0, 11.0, 9.0, 11.0, 11.0], "dtype": "float64", "shape": [12]}], [0.0, {"__ndarray__": [2.0, 3.0, 3.0, 4.0, 7.0, 7.0, 6.0, 7.0], "dtype": "float64", "shape": [8]}], [0.0, {"__ndarray__": [5.0, 3.0, 4.0, 3.0, 4.0, 6.0, 7.0, 7.0], "dtype": "float64", "shape": [8]}], [1.0, {"__ndarray__": [1.0, 1.0, 2.0], "dtype": "float64", "shape": [3]}], [-8.000000000000014, {"__ndarray__": [0.0, 2.0, 6.0, 5.0, 4.0, 9.0, 11.0, 9.0, 8.0, 9.0, 10.0, 11.0], "dtype": "float64", "shape": [12]}], [-4.0, {"__ndarray__": [0.0, 2.0, 3.0, 4.0, 7.0, 5.0, 6.0, 7.0, 8.0, 9.0, 10.0], "dtype": "float64", "shape": [11]}], [-0.0, {"__ndarray__": [1.0, 3.0, 2.0, 3.0, 4.0, 7.0, 7.0, 7.0, 8.0], "dtype": "float64", "shape": [9]}], [-1.0, {"__ndarray__": [0.0], "dtype": "float64", "shape": [1]}], [-0.0, {"__ndarray__": [0.0, 1.0, 3.0, 3.0], "dtype": "float64", "shape": [4]}], [-2.0000000000000084, {"__ndarray__": [0.0, 1.0, 2.0, 3.0, 4.0, 5.0, 8.0, 9.0, 13.0, 13.0, 10.0, 13.0, 13.0, 13.0], "dtype": "float64", "shape": [14]}], [-0.0, {"__ndarray__": [0.0, 1.0, 2.0, 5.0, 4.0, 8.0, 9.0, 7.0, 8.0, 9.0], "dtype": "float64", "shape": [10]}], [-17.000000000000004, {"__ndarray__": [0.0, 3.0, 3.0, 9.0, 4.0, 11.0, 6.0, 14.0, 13.0, 12.0, 13.0, 12.0, 13.0, 14.0, 14.0], "dtype": "float64", "shape": [15]}], [-510.00000000000017, {"__ndarray__": [0.0, 1.0, 2.0, 5.0, 4.0, 7.0, 14.0, 12.0, 14.0, 13.0, 11.0, 14.0, 13.0, 14.0, 14.0], "dtype": "float64", "shape": [15]}], [-1.0, {"__ndarray__": [2.0, 2.0, 2.0, 3.0], "dtype": "float64", "shape": [4]}], [26.99999999999999, {"__ndarray__": [1.0, 1.0, 4.0, 3.0, 4.0, 5.0, 6.0, 8.0, 8.0, 13.0, 13.0, 12.0, 13.0, 13.0], "dtype": "float64", "shape": [14]}], [0.0, {"__ndarray__": [0.0, 1.0, 3.0, 3.0, 4.0], "dtype": "float64", "shape": [5]}], [0.0, {"__ndarray__": [0.0, 1.0], "dtype": "float64", "shape": [2]}], [-96.00000000000006, {"__ndarray__": [2.0, 2.0, 7.0, 3.0, 8.0, 13.0, 9.0, 10.0, 14.0, 14.0, 11.0, 11.0, 13.0, 13.0, 14.0], "dtype": "float64", "shape": [15]}], [108.00000000000013, {"__ndarray__": [0.0, 1.0, 2.0, 4.0, 4.0, 5.0, 7.0, 13.0, 10.0, 14.0, 10.0, 14.0, 16.0, 13.0, 14.0, 15.0, 16.0], "dtype": "float64", "shape": [17]}], [-0.0, {"__ndarray__": [0.0, 2.0, 3.0, 3.0, 4.0], "dtype": "float64",