{"results": [[-0.0, {"__ndarray__": [0, 1], "dtype": "int32", "shape": [2]}], [2.0, {"__ndarray__": [2, 3, 3, 4, 10, 7, 9, 7, 8, 9, 10], "dtype": "int32", "shape": [11]}], [-373.0000000000003, {"__ndarray__": [2, 1, 8, 9, 10, 7, 6, 7, 9, 10, 12, 13, 15, 16, 14, 15, 16], "dtype": "int32", "shape": [17]}], [-0.0, {"__ndarray__": [0, 1], "dtype": "int32", "shape": [2]}], [-95.00000000000001, {"__ndarray__": [1, 2, 6, 7, 6, 9, 7, 7, 10, 9, 13, 13, 13, 13], "dtype": "int32", "shape": [14]}], [7.999999999999992, {"__ndarray__": [2, 3, 6, 3, 4, 9, 6, 13, 11, 10, 11, 12, 13, 13], "dtype": "int32", "shape": [14]}], [199.0, {"__ndarray__": [1, 3, 3, 3, 5, 11, 6, 7, 9, 9, 13, 11, 14, 14, 17, 16, 17, 17], "dtype": "int32", "shape": [18]}], [225.00000000000014, {"__ndarray__": [0, 5, 10, 5, 11, 7, 10, 13, 9, 12, 14, 11, 16, 16, 16, 15, 16], "dtype": "int32", "shape": [17]}], [-6.0, {"__ndarray__": [1, 1, 5, 7, 4, 5, 6, 7], "dtype": "int32", "shape": [8]}], [-756.0000000000002, {"__ndarray__": [0, 1, 5, 3, 4, 7, 14, 12, 9, 10, 10, 14, 12, 15, 15, 15], "dtype": "int32", "shape": [16]}], [379.0000000000001, {"__ndarray__": [1, 1, 3, 4, 7, 7, 6, 7, 14, 12, 10, 14, 13, 13, 15, 15], "dtype": "int32", "shape": [16]}], [-6.000000000000001, {"__ndarray__": [0, 1, 2, 4, 4, 10, 8, 7, 8, 9, 10, 11], "dtype": "int32", "shape": [12]}], [-5.0, {"__ndarray__": [2, 6, 2, 3, 9, 6, 6, 9, 10, 9, 10, 12, 12], "dtype": "int32", "shape": [13]}], [25.0, {"__ndarray__": [0, 1, 3, 11, 10, 9, 12, 9, 12, 12, 11, 11, 12], "dtype": "int32", "shape": [13]}], [-0.0, {"__ndarray__": [2, 1, 3, 3], "dtype": "int32", "shape": [4]}], [18.0, {"__ndarray__": [1, 1, 3, 4, 5, 5, 7, 7, 8, 10, 11, 11, 12], "dtype": "int32", "shape": [13]}], [-20.999999999999996, {"__ndarray__": [0, 1, 4, 5, 4, 5, 6, 8, 9, 9, 10], "dtype": "int32", "shape": [11]}], [-8.00000000000001, {"__ndarray__": [0, 3, 2, 4, 10, 5, 8, 7, 12, 12, 10, 12, 12], "dtype": "int32", "shape": [13]}], [-1.0, {"__ndarray__": [0, 1, 2, 3, 4, 5, 6], "dtype": "int32", "shape": [7]}], [148.0000000000001, {"__ndarray__": [1, 2, 3, 3, 8, 6, 8, 10, 11, 13, 16, 15, 13, 13, 14, 16, 16], "dtype": "int32", "shape": [17]}], [1.0, {"__ndarray__": [0, 1, 5, 3, 4, 5], "dtype": "int32", "shape": [6]}], [72.99999999999996, {"__ndarray__": [1, 4, 2, 3, 5, 9, 15, 9, 9, 10, 14, 15, 14, 14, 15, 15], "dtype": "int32", "shape": [16]}], [27.999999999999996, {"__ndarray__": [0, 1, 5, 4, 7, 5, 9, 7, 9, 10, 10], "dtype": "int32", "shape": [11]}], [-1.0, {"__ndarray__": [0, 1, 3, 3, 5, 5], "dtype": "int32", "shape": [6]}], [0.9999999999999996, {"__ndarray__": [1, 1, 3, 3, 9, 9, 6, 9, 8, 9], "dtype": "int32", "shape": [10]}], [-1.0, {"__ndarray__": [0], "dtype": "int32", "shape": [1]}], [148.99999999999994, {"__ndarray__": [0, 1, 8, 3, 11, 14, 6, 11, 12, 14, 14, 14, 13, 13, 14, 15], "dtype": "int32", "shape": [16]}], [-1.0, {"__ndarray__": [0, 1, 2, 5, 4, 5], "dtype": "int32", "shape": [6]}], [-5.0, {"__ndarray__": [0, 4, 2, 10, 10, 8, 9, 8, 12, 11, 12, 12, 12], "dtype": "int32", "shape": [13]}], [358.99999999999983, {"__ndarray__": [0, 1, 7, 5, 8, 8, 6, 13, 17, 9, 11, 11, 13, 17, 16, 17, 17, 17], "dtype": "int32", "shape": [18]}], [-2.0, {"__ndarray__": [3, 1, 2, 3, 8, 8, 9, 9, 8, 9], "dtype": "int32", "shape": [10]}], [0.0, {"__ndarray__": [1, 4, 2, 3, 4, 5, 6, 7, 8, 9, 10], "dtype": "int32", "shape": [11]}], [-2.999999999999998, {"__ndarray__": [0, 1, 4, 3, 10, 8, 9, 12, 9, 12, 11, 12, 12], "dtype": "int32", "shape": [13]}], [-2.0, {"__ndarray__": [1, 1, 2, 5, 4, 6, 6, 7], "dtype": "int32", "shape": [8]}], [6.869504964868159e-15, {"__ndarray__": [4, 4, 2, 8, 9, 7, 12, 13, 8, 10, 11, 11, 12, 13], "dtype": "int32", "shape": [14]}], [-1.0, {"__ndarray__": [0, 1, 2, 3, 4], "dtype": "int32", "shape": [5]}], [14.000000000000009, {"__ndarray__": [2, 1, 5, 4, 5, 6, 11, 13, 8, 13, 12, 11, 13, 13], "dtype": "int32", "shape": [14]}], [0.0, {"__ndarray__": [0, 2, 3, 4, 4, 5, 6], "dtype": "int32", "shape": [7]}], [-2.0, {"__ndarray__": [2, 2, 4, 3, 5, 6, 6], "dtype": "int32", "shape": [7]}], [-0.0, {"__ndarray__": [0, 1], "dtype": "int32", "shape": [2]}], [0.0, {"__ndarray__": [0], "dtype": "int32", "shape": [1]}], [13.0, {"__ndarray__": [0, 4, 5, 4, 5, 8, 8, 7, 12, 12, 10, 12, 12], "dtype": "int32", "shape": [13]}], [-7793.999999999999, {"__ndarray__": [0, 2, 2, 12, 7, 6, 8, 10, 11, 14, 18, 14, 12, 13, 15, 18, 17, 17, 18], "dtype": "int32", "shape": [19]}], [-1.0, {"__ndarray__": [0, 1, 2, 3, 4, 10, 9, 7, 8, 9, 10], "dtype": "int32", "shape": [11]}], [-1.0, {"__ndarray__": [0], "dtype": "int32", "shape": [1]}], [0.0, {"__ndarray__": [0, 2, 2], "dtype": "int32", "shape": [3]}], [-19.999999999999993, {"__ndarray__": [1, 1, 2, 4, 5, 5, 8, 9, 11, 9, 11, 11], "dtype": "int32", "shape": [12]}], [0.0, {"__ndarray__": [2, 3, 3, 4, 7, 7, 6, 7], "dtype": "int32", "shape": [8]}], [0.0, {"__ndarray__": [5, 3, 4, 3, 4, 6, 7, 7], "dtype": "int32", "shape": [8]}], [1.0, {"__ndarray__": [1, 1, 2], "dtype": "int32", "shape": [3]}], [-8.000000000000014, {"__ndarray__": [0, 2, 6, 5, 4, 9, 11, 9, 8, 9, 10, 11], "dtype": "int32", "shape": [12]}], [-4.0, {"__ndarray__": [0, 2, 3, 4, 7, 5, 6, 7, 8, 9, 10], "dtype": "int32", "shape": [11]}], [-0.0, {"__ndarray__": [1, 3, 2, 3, 4, 7, 7, 7, 8], "dtype": "int32", "shape": [9]}], [-1.0, {"__ndarray__": [0], "dtype": "int32", "shape": [1]}], [-0.0, {"__ndarray__": [0, 1, 3, 3], "dtype": "int32", "shape": [4]}], [-2.0000000000000084, {"__ndarray__": [0, 1, 2, 3, 4, 5, 8, 9, 13, 13, 10, 13, 13, 13], "dtype": "int32", "shape": [14]}], [-0.0, {"__ndarray__": [0, 1, 2, 5, 4, 8, 9, 7, 8, 9], "dtype": "int32", "shape": [10]}], [-17.000000000000004, {"__ndarray__": [0, 3, 3, 9, 4, 11, 6, 14, 13, 12, 13, 12, 13, 14, 14], "dtype": "int32", "shape": [15]}], [-510.00000000000017, {"__ndarray__": [0, 1, 2, 5, 4, 7, 14, 12, 14, 13, 11, 14, 13, 14, 14], "dtype": "int32", "shape": [15]}], [-1.0, {"__ndarray__": [2, 2, 2, 3], "dtype": "int32", "shape": [4]}], [26.99999999999999, {"__ndarray__": [1, 1, 4, 3, 4, 5, 6, 8, 8, 13, 13, 12, 13, 13], "dtype": "int32", "shape": [14]}], [0.0, {"__ndarray__": [0, 1, 3, 3, 4], "dtype": "int32", "shape": [5]}], [0.0, {"__ndarray__": [0, 1], "dtype": "int32", "shape": [2]}], [-96.00000000000006, {"__ndarray__": [2, 2, 7, 3, 8, 13, 9, 10, 14, 14, 11, 11, 13, 13, 14], "dtype": "int32", "shape": [15]}], [108.00000000000013, {"__ndarray__": [0, 1, 2, 4, 4, 5, 7, 13, 10, 14, 10, 14, 16, 13, 14, 15, 16], "dtype": "int32", "shape": [17]}], [-0.0, {"__ndarray__": [0, 2, 3, 3, 4], "dtype": "int32", "shape": [5]}], [-0.0, {"__ndarray__": [0, 2, 2], "dtype": "int32", "shape": [3]}], [79.9999999999999, {"__ndarray__": [4, 2, 10, 5, 4, 8, 9, 9, 12, 10, 10, 14, 12, 14, 14], "dtype": "int32", "shape": [15]}], [9.0, {"__ndarray__": [2, 3, 2, 6, 4, 9, 7, 9, 9, 9], "dtype": "int32", "shape": [10]}], [888.9999999999983, {"__ndarray__": [4, 3, 10, 9, 7, 13, 7, 8, 16, 14, 14, 16, 13, 17, 17, 17, 17, 17], "dtype": "int32", "shape": [18]}], [184.00000000000003, {"__ndarray__": [2, 1, 2, 6, 4, 14, 13, 8, 15, 15, 10, 15, 15, 15, 14, 15], "dtype": "int32", "shape": [16]}], [2559.9999999999995, {"__ndarray__": [0, 2, 2, 3, 4, 11, 6, 11, 10, 9, 11, 14, 12, 17, 15, 16, 17, 17], "dtype": "int32", "shape": [18]}], [1.0, {"__ndarray__": [0, 2, 3, 6, 6, 7, 7, 7], "dtype": "int32", "shape": [8]}], [352.9999999999992, {"__ndarray__": [2, 2, 4, 16, 12, 13, 8, 13, 16, 17, 15, 15, 15, 15, 15, 15, 17, 17], "dtype": "int32", "shape": [18]}], [-37.00000000000002, {"__ndarray__": [1, 1, 2, 10, 4, 5, 8, 7, 11, 13, 15, 16, 15, 14, 14, 16, 17, 17, 18], "dtype": "int32", "shape": [19]}], [48.0, {"__ndarray__": [1, 1, 4, 8, 6, 7, 7, 8, 10, 10, 12, 12, 12], "dtype": "int32", "shape": [13]}], [6.999999999999999, {"__ndarray__": [0, 1, 2, 5, 4, 7, 8, 11, 11, 11, 11, 11], "dtype": "int32", "shape": [12]}], [0.0, {"__ndarray__": [1, 2, 2, 5, 4, 5, 6, 7, 8], "dtype": "int32", "shape": [9]}], [-1.0, {"__ndarray__": [2, 1, 3, 3, 4, 5], "dtype": "int32",